CD_Account,Securities_Account,Online,CreditCard
CD Account,Securities Account,Online,CreditCard
0,1,0,0
0,1,0,0
0,0,0,0
0,0,0,0
0,0,0,1
0,0,1,0
0,0,1,0
0,0,0,1
0,0,1,0
0,0,0,0
0,0,0,0
0,0,1,0
0,1,0,0
0,0,1,0
0,1,0,0
0,0,1,1
0,0,0,0
0,0,0,0
0,0,0,0
0,1,0,1
0,0,1,0
0,0,1,0
0,0,1,0
0,1,0,0
0,0,0,1
0,0,1,0
0,0,0,0
0,0,1,1
0,0,1,1
1,0,1,1
0,0,1,0
0,0,1,0
0,0,0,0
0,0,0,0
0,0,1,0
0,0,0,0
0,0,0,1
0,0,0,0
1,1,1,0
0,0,1,0
0,1,0,0
0,0,0,0
0,0,1,0
0,0,1,0
0,0,1,1
0,0,0,1
0,0,1,0
1,1,1,1
0,0,0,1
0,0,0,1
0,1,1,0
0,0,1,0
0,0,0,0
0,0,1,0
0,0,1,0
0,0,1,0
1,1,1,0
0,0,0,0
0,0,0,0
0,0,0,0
0,1,1,0
0,1,0,0
0,0,0,0
0,0,1,0
0,0,0,0
0,0,1,1
0,0,0,0
0,1,0,0
0,0,1,1
0,0,1,0
0,0,0,1
0,0,1,0
0,0,0,1
0,0,1,1
0,0,0,1
1,0,1,1
0,0,0,0
0,0,0,0
0,0,0,0
0,0,1,0
0,0,1,1
0,0,1,0
0,0,1,0
0,0,0,0
0,0,1,0
0,0,0,0
0,0,0,0
0,0,1,0
0,0,1,0
0,0,0,1
0,0,1,0
0,0,1,0
0,0,0,0
0,1,1,0
0,0,0,0
0,0,1,0
0,0,0,0
0,0,1,0
0,0,1,0
0,0,1,0
0,0,1,0
0,0,0,0
0,0,1,1
0,0,1,0
0,0,1,1
0,1,1,0
0,0,1,1
0,0,0,0
0,0,1,0
0,0,1,0
0,0,0,0
0,0,1,0
0,0,0,0
0,0,0,0
0,0,1,0
0,0,1,0
0,0,1,0
0,0,1,0
0,0,1,0
0,0,0,0
0,0,1,0
0,0,1,0
0,0,1,1
0,1,0,0
0,0,1,0
0,0,1,0
0,0,1,1
0,0,1,0
0,1,1,0
0,0,0,1
0,0,1,0
1,0,1,1
0,0,0,0
0,0,1,0
0,0,0,0
0,0,1,1
0,0,1,0
0,0,0,0
1,1,0,1
0,0,1,0
0,0,1,1
0,0,1,1
0,0,0,1
0,0,1,1
0,0,0,0
0,0,0,1
0,0,1,1
0,0,1,0
0,0,1,0
0,0,0,0
1,0,1,1
0,0,0,1
0,0,1,1
1,1,1,1
0,0,0,0
0,0,1,0
0,0,0,1
0,0,1,1
0,0,1,1
0,1,1,0
0,0,0,0
0,0,1,0
0,0,0,0
0,0,1,0
0,1,0,0
0,0,1,0
0,0,0,0
0,0,1,1
0,0,1,0
0,0,0,1
0,0,1,0
0,1,0,0
0,0,1,0
0,0,1,1
0,0,1,0
0,1,1,0
0,0,1,0
0,0,0,0
0,0,1,1
0,0,1,0
0,0,1,0
0,0,0,0
0,0,1,0
0,0,1,0
0,1,1,0
0,0,1,0
0,0,1,1
0,0,1,0
0,0,1,0
0,0,1,0
0,0,1,0
0,0,0,0
0,0,1,0
0,0,1,1
0,0,1,0
0,1,1,0
0,0,0,1
0,0,1,0
0,1,1,0
1,0,1,1
0,0,1,1
0,0,1,1
0,0,1,0
0,0,1,0
0,0,0,0
0,0,0,1
0,1,1,0
0,0,0,0
0,0,1,1
1,0,1,1
0,0,0,0
0,0,0,0
0,0,0,0
0,0,1,0
0,0,0,0
0,0,1,1
0,0,0,0
0,0,0,0
0,0,1,0
0,0,1,1
0,0,0,1
0,0,1,0
0,0,0,0
0,0,1,0
0,0,0,0
0,0,0,1
0,0,0,0
1,0,1,1
1,1,0,1
0,0,0,1
0,0,1,0
0,0,1,0
0,0,0,0
0,0,1,0
0,0,0,0
0,0,1,0
0,0,1,1
0,0,1,0
0,0,1,1
0,0,0,0
0,0,0,0
0,0,0,1
0,0,0,0
1,0,1,0
0,0,1,0
0,0,0,0
0,0,1,1
1,1,1,0
0,0,1,1
0,0,0,1
0,0,0,0
0,0,1,0
0,0,0,1
0,0,0,0
0,0,1,0
0,0,0,1
0,0,0,1
0,0,0,1
0,0,1,0
0,0,1,0
0,0,0,1
0,0,1,0
1,0,1,1
0,0,1,1
0,0,0,0
0,1,0,0
0,0,1,0
0,0,0,0
0,0,1,0
0,0,0,0
0,0,1,0
0,0,1,0
0,0,1,1
0,0,1,0
0,1,0,1
0,1,0,0
0,0,1,0
0,0,0,0
0,0,1,0
0,0,1,0
0,0,1,0
0,0,0,1
0,0,1,0
0,1,1,0
0,0,1,0
0,0,0,0
0,0,1,0
0,0,0,1
1,1,1,0
0,0,1,1
0,0,0,0
0,0,1,0
0,0,1,1
0,0,0,0
0,0,1,0
0,0,0,1
0,0,1,0
0,0,1,0
0,0,0,0
1,0,1,0
0,1,0,0
0,0,0,0
0,0,1,0
0,0,0,0
0,0,0,0
0,0,1,0
0,0,1,1
0,0,1,0
1,0,1,1
0,1,1,0
0,0,1,1
0,0,1,0
0,1,1,0
0,0,0,1
0,0,1,0
0,0,1,0
0,0,1,0
0,0,1,0
0,0,1,0
0,0,0,1
0,0,0,0
0,0,0,0
1,1,1,0
0,0,0,0
0,0,0,0
0,0,1,1
1,0,1,1
0,0,1,0
0,0,1,1
0,0,1,0
0,0,1,0
0,0,0,0
0,0,1,0
0,0,0,0
0,0,1,0
1,0,1,1
0,0,1,0
0,0,1,0
0,0,0,0
0,0,0,0
0,0,1,1
0,0,1,0
0,0,0,1
0,0,0,0
0,0,1,1
0,1,1,0
0,0,1,0
1,1,1,1
1,0,1,1
0,0,0,0
0,1,1,0
0,0,1,0
0,0,0,1
0,0,1,0
0,0,1,0
0,0,0,1
0,0,0,0
0,0,1,0
0,0,1,0
0,0,1,0
0,0,0,0
0,0,1,0
0,0,0,1
0,0,0,0
0,0,0,1
0,0,1,0
0,0,1,0
0,0,1,0
0,0,1,0
0,0,0,1
0,0,0,0
0,0,0,0
0,0,1,0
0,0,1,1
0,0,1,0
0,0,1,0
0,0,0,0
0,0,1,0
0,0,0,0
0,0,0,0
0,0,1,1
0,0,1,1
0,0,0,1
0,0,1,0
0,0,1,1
0,0,1,0
0,0,1,0
0,0,1,0
0,0,0,0
0,0,1,1
0,0,1,0
0,0,0,1
0,0,1,0
1,1,1,1
0,0,1,1
0,0,0,0
0,0,0,0
0,0,1,0
0,0,0,0
0,0,1,1
0,0,1,0
0,0,0,1
1,0,1,1
0,0,0,0
0,0,0,0
1,1,1,1
0,0,0,0
0,0,1,0
0,0,1,0
0,0,1,0
0,0,1,1
0,1,0,0
0,0,1,0
0,0,1,0
0,0,0,1
0,0,1,0
0,0,1,0
0,0,1,0
0,0,0,0
0,0,0,1
0,0,1,1
0,0,0,0
1,1,1,0
0,0,0,0
0,0,0,0
0,0,1,0
0,0,0,1
0,0,0,1
0,0,0,1
0,0,1,0
0,0,1,0
0,0,1,0
0,0,1,0
0,0,1,1
0,0,1,0
0,0,0,0
0,0,1,0
0,1,1,0
1,0,1,1
0,0,1,0
0,0,1,0
0,1,1,0
0,0,1,0
0,0,0,0
0,0,1,1
0,0,1,0
0,0,0,1
0,0,0,0
0,0,1,1
0,0,1,0
0,0,1,1
0,0,1,0
0,0,0,0
0,1,0,0
0,0,0,0
0,0,1,0
0,0,1,0
0,0,0,0
0,0,1,1
0,0,0,0
0,0,1,1
0,1,0,0
0,0,1,0
1,1,1,0
0,0,0,1
0,0,1,0
0,0,1,0
0,0,0,1
0,0,1,0
0,0,1,1
0,0,0,0
0,0,1,1
0,0,1,0
0,0,1,0
0,0,1,0
0,0,0,0
0,1,0,1
0,0,1,0
0,0,0,1
0,0,1,1
0,0,1,1
0,0,0,1
1,0,1,0
0,0,0,0
0,0,1,1
0,0,1,0
0,1,1,0
0,0,1,1
0,0,1,0
1,0,1,1
0,0,1,0
0,1,1,0
0,0,1,0
0,0,1,1
0,0,1,0
0,0,1,1
0,0,1,0
0,0,1,0
0,0,0,1
0,0,1,0
0,0,0,0
0,0,1,0
0,0,0,0
0,0,0,1
0,0,1,0
0,0,1,0
0,0,0,0
0,0,1,0
0,0,0,0
0,0,1,0
0,0,1,0
0,0,0,0
0,0,0,1
0,0,0,0
0,0,1,0
0,0,0,1
0,0,0,0
0,0,0,0
0,0,1,0
0,0,1,0
0,0,1,1
0,0,1,0
0,0,0,0
0,0,0,0
0,0,1,0
0,0,0,0
0,0,0,1
0,0,1,0
0,0,1,0
0,0,1,0
0,0,0,1
1,1,1,1
1,0,1,1
0,0,0,0
0,1,0,0
0,0,1,0
0,0,1,0
0,0,1,0
0,0,0,1
0,0,0,0
0,0,1,0
0,0,0,0
0,0,1,0
0,0,0,1
0,0,1,0
0,0,0,0
0,1,0,0
1,1,1,1
0,0,1,1
0,0,0,1
0,0,1,1
0,0,1,1
0,0,1,0
0,0,0,0
0,0,1,0
1,0,1,1
0,0,1,0
0,0,0,1
0,1,0,0
0,0,1,0
0,0,1,0
0,0,1,0
0,0,1,1
0,0,1,0
0,0,0,0
0,0,1,0
1,0,1,1
0,0,0,0
0,0,1,1
0,0,0,0
1,1,0,0
0,0,1,0
0,0,0,0
0,0,1,1
0,0,1,1
0,0,1,0
0,0,0,1
0,0,1,0
0,0,1,1
0,0,1,0
0,0,1,1
0,0,1,1
0,0,0,0
0,0,1,0
0,0,1,0
0,0,1,0
0,0,1,1
0,0,1,0
1,0,1,1
0,0,0,0
0,0,1,0
0,0,1,0
1,1,1,1
0,0,1,0
0,0,0,0
0,0,1,0
0,0,1,0
0,1,0,1
0,0,0,0
0,0,1,1
0,0,1,0
0,0,1,1
0,0,0,0
0,0,1,0
0,0,0,1
0,0,1,1
0,0,1,0
0,0,0,0
0,0,1,0
0,0,0,0
0,0,0,0
0,0,0,0
0,0,1,1
0,1,0,0
0,0,1,1
0,0,0,0
0,0,1,1
0,0,1,0
0,0,1,0
0,0,0,0
0,0,1,0
0,0,1,0
0,0,1,0
0,0,1,0
0,0,1,0
0,0,1,0
0,0,0,1
0,0,1,0
0,0,0,0
1,0,1,1
0,0,0,1
0,0,1,0
0,0,1,0
0,0,1,1
1,1,1,1
0,0,1,0
0,0,1,0
0,0,1,0
0,0,0,0
0,0,1,1
0,1,1,0
0,0,0,0
0,0,1,0
0,0,1,0
0,0,1,0
0,0,0,0
0,0,0,0
1,1,1,1
0,0,1,0
0,0,1,0
0,1,0,0
0,0,0,0
0,0,1,0
0,0,0,1
0,0,0,0
0,0,0,0
0,0,0,0
0,0,0,0
0,0,0,0
0,0,1,1
0,0,1,0
0,0,1,0
0,0,0,0
0,0,0,0
0,0,0,1
0,1,1,0
1,1,1,1
0,1,1,0
0,0,0,0
0,0,0,0
0,0,1,0
1,1,1,0
0,0,1,0
0,0,0,0
0,0,0,0
0,0,0,0
0,0,0,1
0,0,1,0
0,0,0,0
0,0,0,0
0,0,0,1
0,0,1,0
0,0,0,1
0,0,0,0
0,0,1,0
0,0,1,0
0,0,1,0
0,0,1,0
0,0,1,0
1,1,1,0
0,0,1,0
0,0,1,1
0,0,0,0
0,0,1,0
0,0,1,0
0,0,0,0
0,0,1,0
0,0,1,0
0,0,0,0
0,0,0,0
0,0,1,1
0,0,0,1
0,0,0,0
0,0,0,0
0,0,0,0
0,0,1,0
0,0,1,0
0,0,1,1
0,0,0,0
0,0,1,0
0,0,1,1
0,1,0,0
0,0,1,0
0,0,1,0
0,0,0,0
1,1,1,1
0,0,1,1
0,0,0,1
1,0,1,1
0,1,1,0
0,0,0,0
0,0,1,0
1,0,1,1
0,0,1,0
0,0,1,0
0,0,0,0
0,0,1,0
0,0,1,0
0,0,0,0
0,0,0,1
0,0,1,0
0,0,1,1
0,0,1,0
0,0,1,0
0,0,1,1
0,0,1,0
0,0,1,0
0,0,1,0
0,0,1,0
0,0,0,0
0,0,0,0
0,0,1,0
0,0,1,0
1,1,1,1
0,1,1,0
0,0,0,1
0,0,1,0
1,1,1,0
0,0,0,0
0,0,0,1
0,0,1,0
0,0,1,0
0,0,0,0
0,0,1,1
1,0,1,1
0,0,0,1
0,0,1,0
0,1,0,0
0,1,0,0
0,0,1,0
0,0,1,0
0,0,1,0
0,0,1,0
0,0,0,1
0,0,0,1
0,0,0,0
0,0,0,0
0,0,0,0
0,0,1,0
0,1,1,0
0,0,1,0
0,1,1,0
1,0,1,1
0,0,1,1
0,0,0,1
0,0,0,1
0,0,1,0
0,0,1,1
0,0,1,0
0,0,0,0
0,0,1,1
0,0,1,0
1,1,1,1
0,1,0,0
0,0,0,0
1,0,1,1
0,1,1,0
0,0,0,0
0,0,0,0
0,0,1,0
0,0,1,1
0,0,1,0
0,0,0,1
0,0,1,0
0,0,1,0
0,0,0,1
0,0,0,0
0,0,1,0
0,0,0,0
0,0,1,0
0,0,1,0
0,0,1,0
0,0,1,0
0,0,0,0
0,0,1,0
0,0,0,0
0,0,0,0
0,0,1,0
0,0,1,0
0,0,0,1
0,0,0,0
0,0,0,0
0,0,0,0
0,0,1,0
0,0,0,1
0,0,0,0
0,0,1,1
0,0,1,0
0,0,1,1
0,0,0,0
0,0,1,0
0,0,0,0
0,0,0,0
0,0,1,1
0,1,1,0
0,0,0,0
0,0,1,0
0,0,1,1
0,0,1,0
0,0,1,0
0,0,0,0
0,0,1,0
0,0,0,0
0,0,0,0
1,1,1,0
0,0,1,1
0,0,0,1
0,0,1,0
0,0,0,0
0,0,0,0
0,0,0,1
0,1,0,0
0,0,0,0
0,0,1,0
0,0,1,0
0,0,1,1
0,0,1,0
0,0,1,0
0,0,1,0
1,1,1,1
0,0,0,0
0,1,1,0
0,0,0,1
0,0,0,0
0,1,1,0
0,0,1,0
0,0,0,0
1,0,1,1
0,0,1,0
0,0,0,0
0,0,0,0
0,1,1,0
0,0,0,0
0,0,0,0
0,0,1,0
0,0,1,1
0,0,1,0
0,0,0,0
0,1,0,1
0,0,0,1
0,0,1,0
0,0,1,0
0,0,1,0
0,0,0,0
0,0,1,1
0,0,0,0
0,0,1,0
0,0,0,0
0,0,0,0
0,0,1,0
0,0,1,0
0,0,1,0
0,0,0,0
0,0,1,0
0,0,1,0
0,0,1,0
0,0,0,0
0,0,1,0
0,0,0,0
0,0,1,1
0,0,1,0
1,0,1,1
0,0,1,0
0,0,0,1
0,0,1,1
1,1,1,1
0,0,1,0
0,0,1,1
0,0,1,0
0,0,0,1
0,0,0,1
0,0,1,0
0,0,0,0
0,0,1,0
0,1,0,0
0,0,1,1
0,0,0,0
0,0,1,1
0,0,0,1
0,0,0,1
0,0,0,1
0,0,0,0
0,0,1,0
0,1,0,0
1,1,0,1
0,0,1,0
0,0,1,0
0,0,1,1
0,0,0,0
0,1,0,1
0,0,0,0
0,0,1,1
1,1,1,0
0,0,0,0
0,1,0,0
0,0,0,1
0,0,1,0
0,0,0,1
0,0,1,0
0,0,0,1
0,0,1,0
0,0,1,0
1,1,1,1
0,0,1,0
0,0,1,0
0,0,0,1
0,1,0,0
0,1,1,0
0,1,0,0
0,0,1,1
0,0,1,0
0,0,0,0
0,0,0,1
0,0,0,0
0,0,0,1
0,0,1,0
0,0,0,0
0,0,1,0
0,0,1,1
0,0,1,0
0,0,1,0
0,0,1,0
0,0,0,1
0,1,1,0
0,0,1,0
0,0,1,0
0,0,1,0
0,0,1,0
0,0,0,1
0,0,0,0
0,0,1,1
0,0,1,0
0,0,0,0
0,0,0,0
0,1,1,0
0,0,1,0
0,0,0,0
0,0,1,0
0,0,1,1
0,0,1,0
0,0,1,0
1,0,1,1
0,0,0,0
0,0,1,0
0,0,1,0
0,0,0,0
0,1,0,0
0,0,1,0
0,0,1,1
0,0,0,1
0,0,1,1
1,0,1,1
0,0,0,1
0,0,0,0
0,0,0,0
0,0,0,1
0,0,1,0
0,0,1,0
0,0,0,0
0,0,0,0
0,0,1,0
0,0,0,1
0,0,1,0
0,0,0,0
0,0,0,0
0,0,1,1
0,0,0,0
0,0,0,0
0,0,1,0
0,0,1,1
0,1,0,0
0,0,1,0
0,0,0,0
0,0,1,0
0,0,1,0
0,1,1,0
0,0,1,0
0,0,0,0
0,0,1,0
0,0,1,0
1,1,1,1
0,0,1,0
0,0,1,1
0,0,1,0
1,0,1,1
0,0,0,0
0,1,1,0
0,0,0,0
0,0,0,0
0,0,0,0
0,0,1,0
0,0,1,1
0,0,1,0
0,0,1,0
1,0,1,0
0,0,1,0
0,0,1,0
0,1,0,0
0,0,0,0
0,0,1,0
0,0,0,1
0,0,1,0
0,0,1,1
0,0,1,0
0,1,1,0
0,1,1,0
0,0,1,1
0,1,1,0
1,0,1,1
0,0,1,0
0,0,0,0
0,0,0,0
0,0,1,0
0,0,1,0
0,0,1,1
0,0,0,0
0,0,0,0
0,0,0,0
0,0,1,0
0,0,1,0
1,0,1,1
0,1,0,0
0,0,1,1
0,0,1,0
0,0,1,0
0,1,1,0
0,0,1,0
0,0,1,0
0,0,1,0
0,0,1,1
0,0,0,1
0,0,1,0
0,0,0,0
0,0,0,1
0,0,1,0
0,0,0,1
1,0,1,0
0,0,0,0
0,1,0,0
0,0,1,0
0,0,1,0
0,0,1,0
0,0,0,0
0,0,1,1
0,0,0,1
0,0,0,0
0,0,1,0
0,0,1,0
0,0,0,1
0,1,0,0
0,0,1,0
0,0,0,0
0,0,1,0
0,1,0,0
0,0,0,0
0,1,0,0
0,0,0,0
0,0,0,0
0,0,1,1
0,0,1,0
0,0,0,0
0,0,1,1
0,1,1,0
0,0,1,0
0,0,1,1
0,0,1,0
0,0,1,0
0,0,0,1
0,0,1,1
0,0,1,0
0,0,1,0
0,0,0,0
0,0,1,0
0,0,0,0
0,0,1,1
1,0,1,1
0,0,0,0
0,0,1,1
0,0,1,1
0,0,1,0
0,0,1,0
0,0,0,0
0,1,0,1
0,0,0,1
0,0,1,1
0,0,0,0
0,0,1,1
0,0,1,1
0,0,1,1
0,0,1,0
0,0,1,1
0,0,0,1
0,0,1,0
0,0,0,0
0,0,0,1
0,0,0,0
0,0,0,1
0,0,1,1
0,0,0,0
1,0,1,1
0,0,0,0
0,0,1,0
1,1,1,1
0,0,0,0
0,0,1,0
0,1,1,0
0,1,1,0
1,1,1,0
0,1,1,0
0,0,1,0
0,0,1,1
0,0,1,0
0,0,0,0
0,0,1,0
0,0,0,0
0,0,0,1
0,1,0,0
0,0,0,0
0,0,0,0
0,0,0,0
0,0,1,0
1,1,1,0
0,0,1,0
0,0,1,1
0,0,1,0
0,0,0,1
0,0,0,0
0,0,0,0
0,0,1,0
0,0,0,1
0,1,1,0
0,0,0,0
0,0,0,0
0,0,1,0
1,1,1,0
0,0,0,0
0,0,0,1
0,0,1,0
0,0,1,0
0,0,1,0
0,0,0,1
0,0,1,0
0,1,1,0
0,0,0,0
0,0,1,1
0,0,1,1
0,0,1,0
1,1,1,0
0,0,1,0
0,1,0,1
0,0,0,1
0,1,0,0
0,0,1,1
0,0,1,1
0,0,1,0
0,0,0,0
0,0,1,0
0,1,0,0
0,1,0,1
0,0,1,0
0,1,0,0
0,0,1,1
0,0,0,1
0,0,1,1
0,0,1,0
0,0,1,0
0,0,1,0
0,0,0,1
0,0,1,0
0,0,1,0
0,1,1,0
0,0,1,0
0,0,0,0
0,0,1,0
0,0,1,0
0,0,1,0
0,0,0,0
0,0,0,1
0,0,0,1
0,0,0,1
0,0,1,0
0,0,1,0
0,0,0,0
0,0,0,0
0,0,0,0
0,0,1,1
0,1,1,0
0,0,1,0
0,0,0,0
0,0,0,0
0,0,1,0
0,0,0,1
0,0,0,0
0,0,0,0
0,0,1,0
0,0,0,0
0,0,1,1
0,0,0,0
0,0,0,0
0,0,1,0
0,0,1,1
1,1,1,1
0,0,1,0
0,0,1,0
0,0,1,1
0,0,0,0
0,0,1,0
1,0,1,1
0,0,1,0
0,0,1,1
0,0,0,0
1,1,1,1
0,0,1,0
0,0,1,0
0,0,0,1
0,0,1,0
0,0,1,0
0,0,1,0
0,0,1,0
0,0,1,1
0,0,1,0
0,0,0,0
0,0,0,0
0,0,1,0
0,0,1,1
0,0,1,1
0,0,1,0
0,0,0,1
0,0,1,1
0,0,1,0
0,0,1,1
0,0,0,0
0,0,1,0
0,0,1,0
0,0,1,0
0,0,0,0
0,0,0,1
0,1,0,0
0,0,0,0
0,0,1,1
0,0,0,1
0,0,1,0
0,0,1,0
1,0,1,1
0,0,0,0
0,0,1,0
0,0,1,1
0,0,0,0
0,0,0,1
0,0,0,0
0,0,0,0
0,0,1,0
0,0,0,1
0,0,0,0
0,0,1,0
0,0,0,1
0,0,0,1
0,0,0,0
0,0,1,0
0,0,0,0
0,0,1,0
0,1,0,0
1,0,1,1
0,0,1,1
0,0,1,1
0,0,0,0
0,0,1,0
0,0,1,0
0,0,1,1
0,1,1,0
0,0,1,0
0,0,0,1
0,0,0,0
0,1,0,0
0,0,0,1
0,0,1,0
0,0,1,1
0,0,1,1
0,0,1,1
0,0,0,0
0,0,0,0
0,0,0,0
0,0,1,1
0,0,1,0
0,0,0,0
0,0,0,0
0,0,0,0
0,0,1,0
0,0,0,0
0,0,0,1
0,0,1,0
0,0,0,0
1,1,1,1
0,0,0,0
0,0,1,0
0,0,1,0
0,1,1,0
0,0,1,0
0,0,0,1
0,0,0,0
0,0,1,1
0,0,1,0
0,0,1,0
0,0,1,0
0,0,1,0
0,0,1,1
0,0,1,0
0,0,0,0
0,0,0,0
0,0,1,0
0,0,0,0
0,0,0,0
0,0,1,0
0,0,0,1
0,1,1,0
0,0,0,0
0,0,0,0
0,0,1,0
0,0,1,0
0,0,1,0
0,0,0,1
0,0,1,1
0,0,1,0
0,0,1,1
0,0,0,0
0,0,1,0
0,0,1,0
0,0,0,0
0,0,1,1
0,0,0,0
0,0,1,0
0,0,1,0
0,0,1,1
0,0,0,0
0,0,0,0
0,0,1,1
0,0,1,0
0,0,0,1
0,0,1,0
0,0,0,0
0,0,0,0
0,0,1,0
0,0,1,0
0,0,1,0
0,0,1,0
0,0,0,1
0,0,0,0
0,0,1,0
0,0,1,0
0,0,1,0
0,0,1,0
0,0,1,0
0,0,1,1
0,1,1,0
0,0,1,0
0,0,0,1
0,0,1,0
0,0,1,1
0,0,0,0
0,0,1,0
0,0,1,1
0,0,0,0
0,0,1,1
0,0,1,0
0,0,0,1
0,0,0,0
0,0,0,0
0,0,1,0
0,0,0,0
0,0,1,0
0,0,1,0
0,0,1,0
0,0,0,0
0,1,0,1
0,0,1,0
1,0,1,1
0,0,1,1
0,0,1,0
0,0,1,0
0,0,0,0
0,0,0,0
1,0,1,1
0,0,0,0
0,0,0,0
0,1,1,0
0,0,1,0
0,0,0,0
0,0,0,0
1,1,1,1
0,0,0,1
1,0,1,1
0,0,0,0
1,0,1,1
0,0,0,0
0,0,1,0
0,0,1,1
0,0,1,0
0,0,1,1
0,0,1,0
0,0,0,0
0,0,1,0
0,0,0,0
0,0,0,0
0,0,0,1
0,0,0,0
0,0,1,0
0,0,1,1
0,0,0,0
0,1,1,0
0,0,0,0
0,0,1,0
0,0,1,0
0,1,1,0
0,0,1,0
1,1,1,0
0,0,0,0
0,0,0,0
0,0,1,0
0,0,1,0
0,0,1,0
0,0,1,1
0,0,1,1
0,0,1,0
0,0,1,1
0,0,0,0
0,0,0,1
0,0,1,0
0,0,0,1
0,0,1,1
0,0,0,0
0,0,1,1
0,0,1,0
0,0,1,0
0,0,1,0
0,0,1,0
0,0,1,0
0,0,0,1
0,0,0,0
0,0,1,0
0,0,1,0
0,0,0,1
0,0,1,1
0,0,1,0
0,0,1,0
0,0,1,0
0,0,0,0
0,0,0,1
0,0,1,1
0,0,1,0
0,0,0,0
0,0,0,1
0,1,1,0
0,0,1,0
0,1,1,0
0,1,1,0
0,0,1,0
0,0,0,0
0,0,1,1
0,0,1,0
0,0,0,0
0,0,1,1
0,0,1,1
0,0,1,0
0,0,1,1
0,0,1,1
0,0,1,0
0,0,0,1
0,0,1,0
0,0,0,0
1,0,1,1
0,0,1,0
0,1,0,1
0,0,1,1
0,0,0,0
0,0,1,0
0,0,0,1
0,0,1,1
0,0,0,0
0,0,1,1
0,1,0,1
0,0,1,0
0,0,0,0
0,0,0,0
0,0,0,0
0,0,1,1
0,0,1,1
0,0,0,0
0,0,1,0
0,0,1,0
0,0,1,0
0,0,1,1
0,0,1,0
0,0,0,1
0,0,1,0
1,0,1,1
0,0,0,0
0,0,1,0
0,0,0,0
0,1,1,0
0,1,0,0
0,0,1,1
0,0,1,0
0,0,1,1
0,0,0,0
0,0,1,1
0,0,1,1
0,0,1,0
0,0,1,0
0,0,1,0
0,0,0,0
1,1,1,1
0,0,0,0
0,0,0,0
0,0,1,0
0,0,1,1
0,1,0,0
0,0,1,0
0,0,0,0
0,1,0,0
0,0,1,0
0,0,1,0
0,0,0,1
0,0,0,0
0,0,0,0
0,1,1,0
0,0,1,0
0,0,0,0
0,0,0,0
0,0,0,0
0,0,1,0
0,0,0,0
0,0,1,0
0,0,1,0
0,1,0,1
0,0,1,0
0,0,1,0
0,0,1,0
0,0,1,0
0,0,0,0
0,0,0,0
0,0,0,1
0,0,0,0
0,1,0,1
1,0,1,1
0,0,1,0
0,0,1,0
0,0,1,0
0,0,1,0
0,1,1,0
0,0,0,1
0,0,0,0
0,0,0,1
1,0,1,1
1,0,1,1
0,0,0,0
0,0,0,0
0,0,0,1
0,1,1,0
0,0,1,0
0,0,1,0
0,0,0,0
0,0,1,0
1,0,1,0
0,0,1,0
0,1,1,0
0,1,1,0
0,1,0,0
0,1,0,1
0,1,0,0
0,0,1,0
0,0,1,0
0,0,0,0
0,0,1,0
0,0,1,0
0,0,0,1
0,0,1,0
0,0,1,0
0,0,0,0
0,0,1,0
1,1,1,1
0,0,0,1
0,0,0,0
0,0,0,0
0,1,1,0
1,1,1,1
0,0,0,0
1,1,1,0
0,0,0,0
0,0,1,1
0,0,1,0
0,0,1,0
0,0,1,0
0,0,1,0
0,0,0,0
0,1,1,0
0,0,1,0
0,0,0,0
0,0,1,1
0,1,0,0
0,0,0,0
0,0,1,1
1,1,0,1
0,0,1,0
0,0,0,0
1,0,1,1
0,0,0,0
0,0,0,1
0,0,1,0
0,0,1,1
0,1,1,0
0,0,1,0
0,0,0,0
0,0,1,1
0,0,1,0
0,0,0,1
0,1,1,0
0,0,1,0
0,0,0,0
0,0,0,1
0,0,1,0
0,0,1,0
0,0,1,0
0,0,1,0
0,0,0,1
0,0,1,1
0,0,0,0
0,0,1,0
0,0,1,0
0,0,1,0
1,0,1,1
0,0,1,0
0,0,0,1
0,0,0,0
0,1,1,0
0,0,1,0
0,0,1,1
0,0,1,0
0,0,0,0
0,1,0,1
0,0,1,1
0,0,1,0
0,0,1,0
1,0,1,1
0,0,0,1
0,0,1,0
0,1,1,0
0,0,1,0
0,0,0,0
0,0,0,0
1,1,1,0
0,0,0,0
0,0,0,0
0,0,1,0
0,0,0,0
0,0,0,0
0,0,1,0
0,1,1,0
0,0,1,1
0,0,1,0
0,0,1,1
0,0,0,0
0,0,0,1
0,0,1,0
0,0,0,0
0,0,0,0
0,0,1,0
0,0,0,0
0,0,1,1
0,0,1,0
0,0,0,1
0,0,0,0
0,0,0,0
0,0,0,1
0,0,1,0
0,0,0,1
0,1,0,1
0,0,1,0
0,0,0,1
0,0,0,1
0,0,1,1
0,0,1,1
0,0,1,0
0,0,0,0
0,0,1,0
0,0,0,1
0,0,1,0
0,0,1,0
0,0,0,0
0,0,1,1
0,0,1,1
0,0,1,0
0,0,1,0
1,1,1,0
0,0,1,0
0,0,1,0
0,0,1,0
0,0,1,1
0,0,0,1
0,0,1,0
0,0,1,0
0,0,0,1
0,0,1,0
0,0,1,1
0,0,1,0
0,0,1,0
0,0,1,1
0,0,0,1
0,1,0,0
0,0,1,1
1,1,1,1
1,1,1,0
0,0,0,0
0,0,1,0
0,0,1,0
0,0,1,0
0,1,0,1
0,0,1,1
0,0,0,1
0,0,1,0
0,0,0,0
0,0,0,0
0,0,0,0
0,0,0,0
0,0,1,0
0,0,1,0
0,0,1,1
0,0,0,0
0,0,1,1
0,0,0,0
0,0,0,0
0,0,1,0
0,0,0,1
0,0,1,1
0,0,0,1
0,0,1,0
0,0,0,0
0,1,0,0
0,0,1,0
0,0,0,0
0,0,0,0
0,0,0,0
0,0,1,0
0,0,0,0
0,0,0,0
0,0,0,1
0,0,0,0
0,0,1,0
0,0,1,1
0,0,0,0
0,0,1,0
0,0,1,0
0,0,0,1
0,0,0,1
0,0,1,0
1,1,0,0
0,0,1,0
0,0,0,0
1,1,1,1
0,0,1,0
1,0,1,1
0,1,0,1
1,0,1,1
1,0,1,1
0,0,1,0
0,0,0,0
0,0,0,1
0,0,1,0
0,0,1,1
0,0,1,0
0,0,1,0
1,1,1,1
0,0,0,0
0,0,0,0
0,0,1,0
0,1,1,0
0,0,1,0
0,0,0,0
0,0,0,0
0,0,1,0
0,1,1,0
0,0,1,0
0,0,0,0
0,0,1,0
0,0,1,1
0,0,1,0
1,1,1,1
0,1,1,0
0,0,0,1
0,0,1,0
0,0,1,0
0,0,1,0
0,1,1,0
1,1,1,0
0,0,1,1
0,0,0,1
0,1,0,0
0,0,0,0
0,0,0,1
0,0,0,0
0,0,1,0
0,0,0,0
0,0,1,1
0,1,1,0
0,0,0,0
0,0,0,0
0,0,1,1
0,0,0,0
0,0,1,1
0,0,1,0
0,0,1,1
0,0,0,0
0,0,1,1
0,0,1,0
0,0,0,0
0,0,0,1
0,0,1,0
0,0,1,0
0,0,0,0
1,1,1,1
0,0,1,0
0,0,1,0
0,0,0,1
0,0,0,0
0,0,1,0
0,0,1,0
0,0,1,1
0,0,1,0
0,0,0,1
0,0,1,0
0,0,0,0
0,0,1,0
1,1,1,1
0,0,1,0
0,0,1,0
0,0,0,0
0,1,0,0
0,0,1,0
0,0,0,0
0,0,1,1
0,0,1,0
0,0,0,0
0,0,0,0
0,0,0,0
0,0,1,0
0,0,1,1
0,1,1,0
0,0,0,0
0,0,1,0
0,1,1,0
0,0,0,0
0,0,1,0
0,0,0,0
1,0,1,1
0,0,0,0
0,0,1,0
1,0,1,1
0,0,0,0
1,0,1,1
0,0,1,0
1,1,1,0
0,0,0,0
0,0,0,0
0,0,0,1
0,1,0,0
0,0,1,1
0,0,1,0
0,1,0,1
0,0,0,0
0,0,1,0
0,0,1,0
0,0,1,0
0,1,1,0
0,0,1,1
0,0,0,0
0,0,1,0
0,0,1,0
0,0,1,0
0,0,0,0
0,0,1,0
0,0,0,1
0,0,0,0
0,0,0,0
1,1,1,0
0,0,1,0
0,0,1,0
0,1,0,0
0,0,1,0
0,0,0,0
1,0,1,1
0,0,0,1
0,0,0,0
0,0,1,1
0,0,0,0
0,0,1,0
0,0,0,0
0,0,1,0
0,0,1,0
0,0,0,0
0,0,1,0
0,0,1,0
0,0,1,0
0,0,1,0
0,0,0,0
0,0,1,0
0,0,1,1
1,0,1,1
0,0,1,0
1,1,1,0
0,0,1,0
0,0,1,0
0,0,1,0
0,0,1,0
0,0,1,0
0,0,0,0
1,0,1,1
0,1,1,0
0,0,1,1
0,0,1,0
0,0,0,0
0,0,0,0
0,0,0,0
0,0,1,1
0,0,1,0
0,0,1,0
0,0,1,0
0,0,1,0
0,0,0,0
0,0,1,0
0,0,1,1
0,0,0,0
0,0,1,0
0,0,0,0
0,0,0,0
0,0,0,1
0,0,0,1
0,0,1,0
0,0,0,0
0,0,0,1
0,0,1,0
0,0,1,1
0,0,1,1
0,0,0,1
0,0,1,0
0,0,0,0
0,0,0,0
0,0,1,1
0,0,1,0
0,0,1,1
0,1,1,0
0,0,0,0
0,0,1,0
0,0,1,0
0,0,1,0
0,0,0,0
0,0,1,0
0,0,0,0
0,0,0,0
1,1,1,1
0,0,1,0
0,1,0,0
0,0,1,1
0,0,0,0
0,0,0,1
0,0,0,0
0,0,0,0
0,0,0,0
0,0,0,0
0,0,1,0
0,0,0,0
0,0,1,0
0,0,1,0
0,0,0,1
0,0,0,0
0,0,1,1
0,0,0,0
1,0,1,1
1,0,1,1
0,0,1,1
0,0,1,0
0,0,0,0
0,0,0,0
0,0,1,0
0,0,1,1
0,0,1,0
1,0,0,1
0,0,1,0
0,0,0,0
0,1,0,0
0,0,1,1
1,1,1,0
0,1,0,0
0,0,1,0
0,0,0,0
0,0,1,0
0,0,0,0
0,1,0,0
0,0,1,0
0,0,0,0
0,0,0,0
0,0,1,0
1,1,1,1
0,0,1,0
0,1,0,1
0,0,1,1
0,0,0,0
0,0,1,1
0,0,1,0
0,0,0,1
0,0,1,1
0,0,1,0
0,0,0,0
0,0,0,0
0,0,1,0
0,0,1,1
0,0,1,0
0,0,1,0
1,0,1,1
0,0,0,1
0,0,1,1
0,0,1,0
0,0,0,0
0,0,0,0
0,0,0,0
1,1,1,1
0,0,0,0
0,0,1,0
0,0,0,1
0,0,1,1
0,0,0,0
0,0,1,0
0,0,1,1
0,0,0,0
1,0,1,1
0,0,1,0
0,0,0,1
0,0,1,1
0,0,0,1
0,0,0,1
0,0,1,0
0,0,1,1
0,0,0,0
0,0,1,0
0,0,1,1
0,0,1,1
0,0,0,1
0,0,0,0
0,0,0,0
0,0,0,1
0,0,0,0
0,0,1,0
0,0,1,0
0,0,0,0
0,0,1,0
0,0,1,0
0,1,1,0
0,0,1,0
0,0,1,1
0,0,1,0
0,1,0,0
0,0,1,0
0,0,0,1
0,1,1,0
0,0,1,0
0,0,1,1
0,0,0,1
0,0,0,0
0,0,0,0
0,0,1,0
0,0,0,0
0,0,0,0
0,0,1,0
0,0,0,0
0,0,1,1
0,0,1,1
0,0,1,0
0,0,1,1
0,0,0,0
0,0,0,0
0,1,1,0
0,0,0,0
0,0,0,0
0,0,1,0
0,0,1,0
0,0,1,0
0,0,1,0
0,0,0,0
0,0,0,0
0,0,1,0
0,0,1,1
0,0,0,0
0,0,1,0
0,0,0,1
0,0,0,1
0,0,1,0
0,0,0,0
0,0,1,0
0,0,0,0
0,0,0,0
0,0,0,0
0,0,0,0
0,0,0,1
0,0,0,0
0,0,0,1
0,0,1,0
0,0,1,1
0,1,0,0
0,0,0,1
0,0,1,0
0,1,0,0
0,0,1,0
0,1,1,0
0,0,0,0
0,0,1,0
0,0,0,0
1,1,1,0
0,0,1,1
0,0,0,0
0,0,0,0
0,0,0,0
0,0,0,0
0,1,0,1
0,0,0,0
0,0,1,0
0,0,1,0
0,0,0,0
0,0,1,0
0,0,1,1
0,1,0,0
0,0,0,1
0,0,0,1
0,0,0,0
0,0,1,1
0,0,1,0
0,0,1,0
0,1,1,0
0,0,1,0
0,0,1,1
0,0,1,0
0,0,1,0
0,0,1,1
0,1,0,1
0,0,1,0
0,0,0,0
0,0,0,0
0,0,1,0
0,0,0,0
0,0,1,0
0,0,1,0
1,0,1,1
0,0,0,0
0,0,1,0
0,0,1,0
0,0,0,0
0,0,1,1
0,0,0,0
0,0,1,1
0,0,1,0
0,0,0,0
0,0,1,1
0,0,1,1
0,1,0,1
0,0,1,0
0,0,0,1
0,0,1,0
0,0,1,0
0,0,1,0
0,0,1,0
0,0,1,0
0,0,1,0
0,0,0,1
0,0,0,0
0,0,0,0
0,0,1,0
0,0,0,0
0,0,0,0
0,0,0,0
0,0,0,0
0,0,1,0
0,1,1,0
0,0,0,0
0,0,0,0
0,0,1,1
0,0,1,0
0,0,0,0
0,0,1,1
0,0,1,0
0,0,0,0
1,0,1,0
0,0,0,0
0,0,1,0
0,0,1,0
0,0,1,1
0,0,1,0
0,1,0,0
0,0,1,0
0,0,0,0
0,0,1,0
0,0,1,1
0,0,1,0
0,0,1,1
1,0,1,1
0,1,1,0
0,0,1,0
0,0,1,0
0,0,1,0
0,0,1,1
0,0,1,0
0,0,1,1
0,0,1,0
0,1,0,0
0,1,0,0
0,0,1,0
0,1,1,0
0,0,1,1
0,0,0,0
0,0,0,1
0,0,0,0
0,0,0,0
0,0,1,0
0,0,1,0
0,0,1,0
0,0,0,0
0,0,1,0
0,0,1,0
0,0,0,0
0,0,1,0
1,0,1,1
0,0,0,0
0,0,0,0
0,0,1,0
0,0,0,0
0,0,1,0
0,0,0,1
0,0,1,0
0,0,1,0
0,0,0,0
0,0,0,0
0,0,0,0
0,1,0,0
0,0,1,0
0,0,1,0
0,0,1,1
0,0,1,0
0,0,1,1
0,0,1,0
0,0,1,0
0,0,0,0
0,0,0,0
0,0,1,0
1,0,1,1
0,0,0,0
0,0,1,1
0,0,1,1
0,0,0,0
0,0,1,1
0,0,1,0
0,0,1,0
0,0,1,0
0,0,1,0
0,0,0,0
0,0,1,0
0,0,0,0
0,0,0,0
0,0,1,0
0,0,0,0
0,0,1,0
0,0,0,1
0,0,1,1
0,0,0,1
0,0,0,0
0,0,0,0
0,0,0,0
0,0,0,1
0,0,1,1
0,0,1,0
1,0,1,1
0,0,0,0
0,0,1,0
0,0,1,0
0,0,1,0
0,0,0,0
0,0,1,1
0,0,1,0
0,0,1,1
0,1,1,0
0,0,1,0
0,0,1,0
1,1,0,1
0,0,1,0
0,0,1,0
0,0,1,0
0,0,0,0
0,0,1,0
0,0,0,0
0,0,1,0
0,0,0,0
0,0,0,0
0,1,1,0
0,0,1,0
0,0,1,0
0,0,1,1
0,0,0,0
0,0,1,1
1,1,1,1
0,0,0,0
0,0,0,0
0,0,0,0
0,0,0,1
0,0,0,1
0,0,0,0
0,0,0,0
0,0,1,0
0,0,1,0
0,0,1,1
0,0,1,1
1,0,1,0
0,0,0,1
0,0,0,1
0,0,1,1
1,1,1,0
0,0,1,1
0,0,1,1
0,0,0,0
0,0,1,1
0,0,1,0
0,0,1,1
1,0,1,1
0,0,0,0
0,1,1,0
1,0,1,1
0,0,0,0
1,1,1,0
0,0,1,0
0,0,1,0
0,0,0,1
0,0,0,0
0,1,1,0
0,0,1,1
0,0,1,1
0,0,1,0
0,0,0,1
0,0,0,0
0,0,1,1
0,0,0,0
0,1,1,0
1,1,1,1
0,0,0,0
0,0,0,0
1,1,1,0
0,0,1,0
0,0,0,0
0,0,1,0
0,0,0,1
0,0,1,1
0,0,1,0
0,0,0,0
0,0,1,0
0,0,0,1
0,1,0,0
0,0,0,1
0,0,1,0
0,0,1,0
0,0,0,1
0,0,1,1
0,0,0,0
0,0,0,1
0,0,0,1
0,0,1,0
0,1,0,1
0,1,1,0
1,0,1,1
0,0,1,0
0,0,0,0
0,0,0,0
0,0,1,0
0,1,1,0
0,0,1,0
0,0,1,0
0,0,1,0
0,0,1,0
0,0,0,1
0,0,1,0
0,0,0,0
0,0,0,0
0,0,0,0
0,0,1,1
0,0,1,0
0,0,1,1
0,0,0,1
0,0,1,0
0,0,0,1
0,0,1,0
0,0,0,0
0,0,1,0
0,0,0,0
0,0,1,1
0,0,0,0
0,0,1,0
0,0,0,1
0,0,1,1
0,0,1,0
0,0,1,0
0,0,0,1
1,1,1,0
0,0,1,0
0,0,1,0
0,0,1,0
0,0,0,1
0,0,0,1
0,0,0,1
0,0,0,0
0,0,1,1
0,0,0,0
1,0,1,1
0,0,1,1
0,0,1,0
0,0,1,0
0,0,1,1
0,0,1,1
0,0,1,0
0,0,0,0
0,0,1,1
0,0,1,0
0,0,1,0
0,0,0,0
0,0,1,0
0,0,0,1
0,0,1,1
0,0,1,1
0,0,1,1
0,0,1,0
0,0,1,0
0,0,1,0
0,0,1,0
0,0,1,0
0,0,1,0
0,0,1,0
0,1,1,0
0,0,1,1
0,0,0,1
1,0,1,1
0,0,1,0
0,0,0,0
0,0,0,0
0,0,0,0
0,0,0,0
0,0,1,0
0,0,1,0
0,0,0,0
0,0,1,0
0,0,0,0
0,0,0,0
0,0,0,1
0,1,0,0
0,1,0,0
0,0,0,1
0,0,0,0
0,1,1,0
0,0,1,0
0,0,1,0
0,0,1,0
0,0,1,0
0,0,1,0
0,0,0,0
0,0,1,0
0,0,0,1
0,0,0,0
0,0,0,0
0,0,0,0
0,1,1,0
0,0,1,0
0,0,1,0
0,0,1,0
0,0,1,1
0,0,0,1
0,0,0,0
0,0,1,1
0,0,1,1
0,1,1,0
0,0,0,1
0,0,1,1
1,0,1,1
0,0,1,0
0,0,0,0
0,1,0,0
0,0,1,0
0,0,0,0
0,0,0,1
0,0,0,1
0,0,1,1
0,0,1,0
0,0,1,1
0,0,1,0
0,0,0,0
0,0,1,0
0,0,1,1
0,0,0,0
0,0,0,0
0,0,0,1
0,0,1,1
0,0,1,0
0,0,1,0
0,0,0,1
0,0,1,0
0,0,1,0
0,0,0,0
0,0,1,0
0,0,1,0
0,0,1,1
1,1,0,0
0,0,1,0
0,0,1,0
0,0,1,0
0,0,0,0
0,0,0,0
0,0,1,0
0,1,0,0
0,0,1,0
0,0,1,0
0,0,0,1
0,0,1,0
1,1,1,1
0,0,0,0
0,0,0,0
0,0,0,0
0,0,0,0
0,0,1,0
0,0,1,0
0,0,1,0
0,0,1,0
0,0,1,0
0,1,0,0
0,0,0,1
0,0,0,1
0,0,1,0
0,0,1,0
0,0,0,0
0,0,0,1
0,0,1,0
0,0,0,0
0,0,1,0
0,0,0,0
0,0,1,1
0,0,1,1
0,0,1,0
0,0,1,0
0,0,1,1
0,0,1,0
0,0,0,1
0,0,0,0
0,0,0,0
0,0,1,0
0,0,1,0
0,0,1,1
0,0,1,0
0,0,1,1
0,0,0,1
0,0,1,0
0,0,0,0
0,0,1,1
1,0,1,1
0,0,0,0
0,0,0,0
0,0,0,0
0,0,0,0
0,0,0,0
0,0,0,0
0,0,0,0
0,0,1,0
0,0,0,1
0,0,0,0
0,0,0,0
1,0,1,1
0,0,1,0
0,0,0,0
0,0,1,0
0,0,1,0
1,1,1,1
0,0,1,1
0,1,0,0
0,0,0,0
0,0,1,0
0,0,0,0
1,1,1,0
0,1,0,0
0,0,1,1
0,0,1,0
0,0,1,0
0,0,1,0
0,0,0,1
0,0,0,0
0,0,0,0
0,0,1,0
1,1,0,1
0,0,0,0
0,0,1,0
0,0,1,0
0,0,1,0
0,1,1,0
0,0,1,0
0,0,1,1
0,0,1,0
0,0,1,0
0,0,1,0
0,0,0,0
0,0,1,0
0,0,1,0
0,0,1,0
0,0,1,0
0,0,1,0
0,0,1,0
0,0,1,0
0,0,1,0
0,0,1,1
0,0,0,0
0,0,1,0
0,0,0,0
0,0,1,0
0,0,0,0
0,0,1,0
0,0,0,0
0,0,0,0
0,0,1,0
0,0,1,0
0,1,1,0
0,1,1,0
0,0,0,0
0,0,1,0
0,0,0,0
0,0,0,0
0,1,1,0
0,0,1,0
0,0,0,0
0,0,0,0
0,0,1,0
0,0,0,0
0,0,1,0
0,0,1,0
0,0,1,0
0,1,0,1
0,0,0,0
0,0,0,0
0,0,0,0
0,0,1,0
0,0,1,0
1,0,1,1
0,1,1,0
0,0,1,0
0,0,1,0
0,0,1,0
0,0,1,0
0,0,0,0
0,0,1,0
0,0,0,0
1,1,1,1
0,0,1,0
0,0,0,0
0,0,1,0
0,0,1,0
0,0,0,0
0,0,1,0
0,0,1,0
0,0,1,1
0,0,1,0
0,0,1,1
0,0,0,0
0,0,1,0
0,0,1,0
0,0,1,1
0,0,0,0
0,0,1,1
0,0,1,0
0,0,0,0
0,0,0,1
0,0,1,0
0,0,1,0
0,0,1,0
1,0,1,1
0,0,0,1
0,0,0,0
0,0,0,0
0,0,1,1
0,0,1,0
0,0,1,0
0,0,0,1
0,0,1,0
0,0,0,0
0,0,1,1
0,1,0,0
0,0,1,0
0,0,0,1
0,0,1,0
0,0,0,0
0,0,1,0
1,0,1,1
0,0,1,0
0,0,0,0
0,0,1,1
0,0,1,0
0,0,1,0
0,1,0,0
0,0,1,0
0,0,0,0
0,0,0,0
0,0,1,0
0,0,1,0
0,0,0,0
0,0,0,0
0,0,1,0
0,0,1,0
0,0,1,0
0,0,0,0
0,0,1,0
0,0,1,1
0,0,0,0
0,0,0,1
0,0,1,1
0,0,0,1
1,0,1,1
0,0,1,0
0,0,0,0
0,0,1,1
0,0,1,0
0,0,0,0
0,0,0,0
0,0,1,1
0,0,1,0
0,0,0,0
0,1,0,1
0,0,0,0
0,0,1,0
0,0,0,1
0,0,1,0
0,0,1,0
0,0,0,1
0,0,1,0
0,0,1,0
0,0,1,0
0,0,1,0
0,0,1,0
0,0,1,0
0,0,0,0
0,0,0,1
0,0,1,0
0,0,1,0
0,0,0,0
0,0,1,1
0,0,1,1
0,0,1,1
0,0,1,0
0,0,0,0
0,0,0,0
0,0,0,0
1,0,1,1
0,0,0,0
1,1,1,1
0,0,0,1
0,0,0,0
0,0,1,0
0,0,1,1
0,0,1,1
0,0,0,0
0,0,1,0
1,1,1,1
0,0,1,0
0,0,0,0
0,0,0,0
0,0,1,0
0,0,1,0
0,0,1,0
0,0,1,1
0,0,1,0
1,1,1,0
0,0,1,0
0,0,0,0
0,0,1,0
0,0,1,0
0,1,0,0
0,0,1,0
1,1,1,1
0,0,0,0
0,0,0,0
1,0,1,1
0,0,1,0
0,0,1,1
0,0,0,0
0,0,1,0
0,0,1,0
0,0,1,1
0,0,1,0
0,0,0,0
0,0,1,0
0,0,1,0
0,1,0,0
0,0,0,0
0,0,1,0
0,0,1,0
0,0,1,1
0,0,1,0
0,0,0,0
0,0,1,0
0,0,1,1
1,0,1,1
0,0,1,0
0,1,0,0
0,0,1,0
0,0,0,0
0,0,0,1
1,0,1,1
0,0,1,0
0,1,0,0
1,0,1,0
0,0,1,0
0,0,1,1
0,0,0,0
0,0,0,0
0,0,1,0
0,0,1,0
0,0,0,0
0,0,1,1
0,0,0,0
0,0,1,0
0,0,1,1
0,0,1,0
0,0,1,0
0,0,1,0
0,0,1,0
0,0,0,0
0,0,1,1
0,0,1,0
0,0,1,0
0,0,0,1
0,0,1,0
0,0,1,1
0,0,1,1
0,0,1,0
1,1,1,1
0,0,1,0
0,0,1,1
0,0,0,0
0,1,0,0
0,0,1,0
0,0,0,0
0,1,1,0
0,0,1,0
0,0,1,1
0,0,0,0
0,0,0,1
0,0,1,0
0,0,0,0
0,0,1,0
0,0,1,0
0,1,0,1
0,0,1,0
0,0,1,1
0,0,1,0
0,0,1,0
0,0,1,0
0,0,1,1
0,0,0,0
0,0,1,1
0,0,1,1
0,0,1,0
0,0,1,0
0,0,0,0
0,0,1,0
0,0,0,0
0,0,0,0
1,1,1,0
0,0,0,0
0,0,0,0
0,0,1,0
0,1,1,0
0,0,1,1
1,0,1,0
0,0,1,0
0,0,1,0
0,0,0,1
0,0,1,0
0,1,0,1
0,0,1,0
0,0,1,0
0,0,0,0
0,0,1,1
0,0,1,0
0,0,1,0
0,0,1,0
0,0,1,0
0,0,1,0
1,0,1,1
0,0,1,0
0,0,1,0
0,0,1,0
0,0,0,0
0,0,1,1
0,0,1,0
0,0,1,1
0,0,0,0
0,0,1,0
0,0,0,0
0,0,1,0
0,0,0,1
0,0,0,1
0,0,1,0
0,0,1,0
0,0,1,1
0,0,1,0
0,0,1,1
0,0,1,0
0,0,0,1
0,0,1,0
0,0,0,0
0,0,1,0
0,0,0,0
0,0,0,0
0,0,1,1
0,0,1,0
0,0,0,0
0,0,0,1
0,0,1,0
0,0,1,0
0,0,0,1
0,0,0,0
0,0,1,1
0,0,1,1
0,0,1,0
1,0,1,1
0,0,1,0
0,0,0,0
0,0,0,0
0,0,0,1
0,0,1,0
0,0,0,0
0,0,1,1
0,0,1,0
0,0,0,1
0,0,1,1
0,0,1,1
0,0,0,0
0,0,0,0
0,1,0,0
1,0,1,1
1,0,1,1
0,0,1,0
0,0,1,0
0,0,0,1
1,1,1,1
0,1,1,0
0,0,1,0
0,0,1,0
0,0,0,0
0,0,0,0
0,0,1,0
0,0,1,1
0,0,0,0
0,0,0,0
1,1,1,0
0,0,0,0
0,1,1,0
0,0,1,0
0,1,0,0
0,1,1,0
0,0,1,1
0,0,0,1
0,0,1,0
0,0,1,0
1,1,1,1
0,0,0,0
0,0,0,0
0,0,0,1
0,0,0,0
0,0,1,1
0,0,0,0
0,0,0,1
0,0,1,1
0,0,1,0
1,0,1,1
0,0,0,1
0,0,0,1
0,0,1,0
0,0,1,0
0,0,1,0
0,0,1,0
0,0,1,1
0,0,1,0
0,1,0,1
0,0,1,0
0,0,0,0
0,0,1,1
0,0,1,0
0,0,1,0
0,0,1,0
0,0,1,1
0,0,0,1
0,0,1,1
0,0,0,0
0,0,0,1
0,0,1,0
0,0,1,1
0,1,1,0
0,0,1,0
0,0,0,1
0,0,1,0
0,0,0,1
0,0,1,0
0,0,0,0
0,0,1,0
1,0,1,0
0,0,1,0
0,0,0,1
0,0,1,0
0,0,1,0
0,0,0,0
0,0,1,1
0,0,0,0
0,0,1,0
0,0,1,0
0,1,0,0
0,0,1,0
0,0,0,0
0,0,1,0
0,0,1,0
0,0,0,1
0,0,1,0
1,0,1,1
0,0,1,0
0,0,1,0
0,1,1,0
0,0,1,0
0,0,1,0
0,0,1,0
0,1,1,0
0,0,0,1
0,0,0,0
0,0,1,0
0,1,1,0
0,0,1,0
0,1,0,0
0,0,0,0
0,0,1,1
0,1,0,0
0,0,0,1
0,0,0,0
0,0,1,0
0,0,1,1
0,0,0,0
0,0,0,1
0,1,1,0
1,1,1,1
0,0,1,1
0,0,1,0
0,0,1,1
0,0,1,0
1,1,1,0
0,0,0,0
0,0,0,1
0,0,1,0
0,0,1,0
0,0,0,1
0,0,0,0
0,0,1,0
0,0,0,1
0,1,0,0
0,0,0,1
0,0,0,1
0,0,1,1
1,1,1,0
0,0,0,0
0,0,0,0
0,0,0,1
0,0,0,1
0,0,0,0
0,0,0,1
0,0,1,0
0,0,0,1
0,0,0,0
0,0,0,0
0,0,0,0
0,0,1,0
0,1,1,0
0,0,0,1
0,0,1,0
0,0,1,0
0,0,1,0
0,1,1,0
0,0,0,0
0,0,0,1
0,0,1,0
0,0,1,0
0,0,1,0
0,0,1,0
0,0,0,1
0,0,0,0
0,0,1,1
0,0,1,1
0,0,1,1
0,0,0,1
0,0,1,0
0,0,0,0
0,1,0,1
0,1,0,1
0,0,1,1
0,1,1,0
0,0,1,0
0,0,1,0
0,0,0,0
1,1,0,1
0,0,1,0
0,0,1,0
0,0,1,0
0,0,1,1
0,0,1,0
1,1,1,1
0,0,1,0
0,0,1,0
0,0,0,0
0,0,1,0
0,0,1,1
0,0,0,0
0,0,1,1
0,0,0,0
0,0,0,0
0,0,0,0
0,0,0,1
0,0,0,1
0,0,1,0
0,0,0,0
0,0,1,0
0,1,1,0
0,0,0,0
1,1,0,1
0,0,1,0
0,0,1,0
0,0,0,0
0,0,1,1
0,0,0,1
0,0,1,1
0,0,0,1
0,0,1,0
0,0,0,0
0,0,0,0
0,0,0,0
0,0,0,0
0,0,1,0
0,0,0,1
0,0,0,0
0,0,1,0
0,0,0,1
0,0,0,0
0,1,1,0
0,0,0,0
0,0,1,0
0,1,1,0
0,0,1,0
0,0,1,0
0,0,1,0
0,0,0,0
0,0,0,0
0,0,0,1
0,0,0,0
0,0,0,0
0,0,0,1
0,0,0,0
0,0,0,1
0,0,0,0
0,0,0,0
0,0,1,1
0,0,1,0
0,0,0,1
0,0,1,0
0,0,0,0
0,0,0,0
0,1,1,0
0,0,1,0
0,0,0,0
0,0,1,1
0,0,1,1
0,0,1,1
0,0,1,0
1,0,1,1
0,1,0,0
0,0,1,0
0,0,0,0
0,0,1,0
0,0,1,0
0,0,1,0
0,0,0,0
1,0,1,1
0,0,1,0
0,0,0,0
0,0,1,0
0,1,1,0
0,0,0,0
0,0,1,0
0,1,1,0
0,0,0,1
0,0,1,1
0,0,1,0
0,0,0,1
0,0,0,0
0,0,0,1
0,1,1,0
0,0,1,0
0,0,0,0
0,0,1,0
0,0,1,0
0,0,0,1
1,0,1,1
0,0,1,0
0,0,1,0
0,0,1,0
0,0,0,0
0,0,1,0
0,0,1,0
0,0,1,0
0,0,1,1
0,0,1,0
0,0,1,1
0,0,0,0
0,0,0,0
0,1,0,1
0,0,0,1
0,0,1,0
0,0,0,1
0,0,1,0
0,0,1,1
0,0,0,0
0,0,1,0
0,1,1,0
0,0,0,1
0,0,0,0
0,0,0,0
0,0,1,0
0,0,1,0
0,0,1,0
0,0,1,0
0,0,1,1
0,0,1,0
0,0,1,0
0,0,0,0
0,0,1,0
0,0,0,1
0,0,0,0
0,0,0,0
0,0,1,0
0,0,1,0
0,0,0,0
0,0,1,0
0,0,1,0
0,0,0,0
0,0,0,0
0,0,1,1
0,0,1,0
0,0,1,0
0,0,0,1
0,0,1,0
0,0,0,1
0,0,1,0
0,0,0,0
0,0,1,1
0,0,0,0
0,0,1,0
0,1,0,0
0,1,1,0
0,0,0,0
0,0,0,0
0,0,1,0
0,0,1,1
0,0,0,0
0,0,1,0
0,0,1,0
0,0,1,1
0,0,0,0
0,0,1,1
0,0,1,0
0,0,0,0
0,0,1,0
0,0,1,0
0,0,0,1
0,0,1,0
0,0,1,1
0,0,0,0
0,0,0,0
0,0,0,0
0,0,1,0
0,0,0,0
0,0,1,0
0,0,0,0
0,0,0,0
0,0,0,1
0,0,0,1
0,0,1,0
1,0,1,1
0,0,1,0
0,1,1,0
0,0,0,0
0,0,1,0
1,1,1,1
0,0,0,0
0,0,0,1
0,0,1,0
0,0,0,1
0,0,0,1
0,0,1,0
0,0,0,0
0,0,0,0
0,0,1,0
0,0,1,0
0,1,1,0
0,0,0,0
0,0,0,0
0,1,1,0
0,0,1,1
0,0,1,0
0,0,0,1
1,0,1,1
0,0,1,1
1,0,1,1
0,0,0,0
0,0,0,0
0,0,0,0
0,0,1,0
0,0,1,0
0,0,1,1
0,0,1,0
0,0,1,1
0,0,0,0
1,1,1,1
0,0,0,0
0,0,0,0
0,0,0,0
0,0,1,1
0,0,1,0
0,0,1,0
0,0,0,0
0,0,1,0
0,0,1,1
0,0,1,0
1,0,0,1
0,0,1,0
0,1,1,0
0,0,0,0
0,0,1,0
1,0,1,1
0,0,0,0
0,0,1,0
0,0,0,0
0,0,1,0
0,0,0,1
0,0,1,0
0,0,0,1
0,0,1,1
1,1,1,0
0,0,1,0
0,1,1,0
0,1,0,0
0,0,0,0
0,0,1,0
0,0,1,0
0,0,0,0
0,0,0,0
0,0,0,0
0,0,1,0
0,0,1,1
0,0,1,0
0,0,0,0
0,0,1,1
0,0,1,0
0,0,1,1
0,0,0,0
0,0,0,0
0,0,1,1
0,0,1,1
0,0,1,0
0,0,0,0
0,0,1,0
0,0,0,1
0,0,0,0
0,0,1,0
0,0,1,1
0,0,1,0
0,0,0,0
0,0,0,0
0,0,0,1
0,0,0,0
0,0,1,1
0,0,1,0
0,0,1,1
1,0,1,1
0,0,1,1
0,0,1,1
0,0,0,1
0,0,0,1
0,0,0,0
0,0,1,1
0,0,1,0
0,0,1,0
0,0,1,0
0,0,0,0
0,0,0,1
0,0,1,1
0,1,1,0
0,0,0,1
0,1,0,0
0,0,0,0
0,1,0,0
0,0,0,0
0,1,1,0
0,0,1,0
1,0,1,1
0,0,0,1
1,1,1,1
0,0,1,0
0,0,0,0
0,0,1,0
0,0,0,1
0,0,1,0
0,0,0,0
0,0,1,1
1,1,1,0
0,0,0,1
0,0,1,1
0,0,0,0
0,0,1,0
0,0,1,0
0,0,1,1
0,0,1,0
0,0,1,0
0,0,0,1
0,0,0,0
0,0,1,1
0,0,1,0
0,1,1,0
0,0,1,0
1,0,1,1
0,0,0,0
0,0,0,1
0,0,1,0
0,0,0,1
0,0,1,0
0,0,1,1
0,0,1,0
0,0,1,0
0,1,0,0
0,0,1,0
0,0,0,0
0,1,1,0
0,0,1,1
0,0,0,0
0,0,1,0
0,1,1,0
0,0,1,0
0,1,0,0
0,0,1,0
0,0,0,0
0,0,0,0
0,0,0,1
0,0,0,1
0,0,1,0
0,1,0,0
0,0,0,0
0,0,0,1
0,0,0,1
0,0,1,0
0,0,0,0
0,0,1,0
0,0,0,0
0,0,0,0
0,0,1,0
0,0,1,0
0,0,1,1
0,1,1,0
0,0,1,0
0,0,1,0
0,1,1,0
0,0,1,1
1,0,1,1
1,0,1,1
0,0,1,0
0,0,0,0
0,0,0,0
0,0,1,0
0,0,0,1
0,0,0,0
0,0,1,0
0,0,0,0
0,0,1,0
0,0,0,1
0,0,0,0
0,1,1,0
0,0,0,0
0,0,1,0
0,0,0,0
0,0,0,1
0,0,0,0
0,0,0,0
0,0,1,0
0,0,0,0
0,0,1,0
0,0,1,1
0,1,0,0
0,0,0,1
0,0,1,1
0,0,0,0
0,0,0,1
0,0,1,1
0,0,0,0
0,0,1,0
0,0,0,0
0,0,0,0
0,1,0,1
0,0,1,0
0,0,1,0
0,0,0,0
0,0,0,0
0,0,1,0
0,0,1,1
0,0,1,0
0,0,0,1
0,0,0,0
0,0,0,0
0,0,0,0
0,0,1,1
0,0,0,0
0,1,0,0
0,0,1,0
0,1,0,1
0,0,1,1
0,0,1,0
0,0,0,0
0,0,1,0
0,0,0,0
1,1,1,0
0,0,0,0
0,0,0,0
0,0,0,1
0,0,1,1
0,0,1,0
0,0,0,1
0,1,1,0
0,0,1,1
0,0,0,0
0,0,1,1
0,0,0,1
0,0,0,1
0,0,0,0
0,0,0,0
0,0,1,0
0,0,1,0
1,1,0,1
0,0,1,1
0,0,0,1
0,0,1,0
0,0,0,0
0,0,1,0
0,0,1,0
0,0,1,0
0,0,1,0
0,0,1,0
0,0,0,0
0,0,1,1
0,0,1,1
0,0,0,0
0,0,1,0
0,0,1,0
0,0,0,0
0,0,0,0
0,0,1,0
0,0,0,0
1,0,1,1
0,0,1,0
0,1,0,0
0,0,1,1
0,0,1,1
0,0,1,0
0,0,0,0
0,0,1,1
0,0,0,0
0,0,0,0
0,0,0,1
0,0,1,0
0,0,0,0
1,1,0,1
0,0,1,0
0,0,1,0
0,0,1,1
0,0,1,0
0,0,0,0
0,0,1,0
0,0,1,0
0,0,0,0
0,0,1,0
0,0,1,1
0,0,0,0
0,0,0,0
0,0,1,0
0,0,0,0
0,0,0,1
0,0,0,1
0,0,1,1
0,0,1,0
0,0,0,0
0,0,0,1
0,0,1,0
0,0,0,0
0,0,1,0
0,0,1,0
0,0,1,0
0,0,1,0
0,1,1,0
0,0,0,1
0,0,0,0
0,1,1,0
0,0,1,1
0,0,0,0
0,1,0,1
0,0,1,0
0,0,0,1
0,0,1,0
0,0,1,0
0,0,0,0
0,0,0,1
0,0,0,1
0,0,0,1
0,0,0,0
0,0,1,0
0,1,0,0
0,0,1,1
0,0,0,0
0,0,0,0
0,0,0,0
1,1,0,1
0,0,0,0
1,0,1,1
0,0,1,0
0,1,0,0
0,0,1,0
0,0,1,0
0,0,1,0
0,0,1,1
0,0,1,0
0,0,1,0
0,0,1,0
0,0,0,1
0,1,0,0
0,0,1,0
0,0,1,0
0,0,0,1
0,0,0,0
0,0,1,0
0,0,0,0
0,0,0,0
0,0,0,0
0,1,0,0
0,0,1,0
0,0,0,0
0,0,0,0
0,0,0,0
0,1,1,0
0,0,0,1
0,0,0,0
0,0,0,1
0,0,1,0
0,0,0,0
0,0,1,0
0,0,1,0
0,0,0,1
0,0,0,0
1,1,1,1
0,0,1,1
0,1,0,0
0,0,1,0
0,0,0,0
0,1,0,0
0,0,0,0
0,0,1,0
0,0,1,0
0,0,0,0
0,0,0,0
0,1,0,0
0,0,1,1
0,0,1,0
0,0,0,0
0,0,1,1
0,0,0,1
0,0,0,1
0,0,0,0
0,0,0,0
0,0,0,1
0,0,1,0
0,0,1,0
1,1,1,1
0,0,1,0
0,0,1,0
0,0,0,0
0,0,0,0
0,0,1,0
1,1,1,1
0,0,0,0
0,0,1,0
0,0,1,0
0,0,1,0
0,0,0,0
0,0,1,0
0,0,1,0
0,0,1,0
0,0,0,0
0,0,1,0
0,0,0,1
0,0,0,0
0,0,1,1
0,0,1,0
1,0,1,1
0,0,1,1
0,0,0,0
0,0,1,0
1,1,1,1
0,0,1,0
0,0,1,0
0,0,1,0
0,0,1,0
0,0,1,0
0,0,0,1
0,0,1,1
0,0,1,1
0,0,1,0
0,0,0,0
0,0,1,0
0,0,1,0
0,0,1,1
0,0,1,1
0,0,1,0
0,0,1,0
0,0,0,1
0,0,0,0
0,0,1,0
0,0,1,0
0,0,1,1
1,0,1,1
0,0,0,0
0,0,0,0
0,0,0,1
0,0,1,0
0,1,0,0
0,0,1,0
0,0,1,1
0,0,0,1
0,0,1,0
0,0,0,0
0,0,1,1
0,0,0,0
1,0,1,1
0,1,1,0
0,0,0,0
0,0,1,0
0,0,1,0
0,0,1,0
1,1,1,0
0,0,1,1
0,0,1,1
0,0,1,1
0,0,0,0
0,0,1,0
0,0,1,0
0,1,1,0
0,0,1,0
0,1,0,0
0,0,1,0
0,0,1,1
0,0,0,1
0,0,1,0
0,0,1,1
0,0,1,0
0,0,1,0
0,0,1,0
0,0,0,0
0,0,0,0
0,0,1,1
0,0,0,0
0,1,0,0
0,0,0,0
0,0,1,0
0,0,0,1
0,0,1,0
0,0,0,0
0,0,1,0
0,0,1,1
0,0,0,0
0,0,0,0
0,0,1,0
0,0,1,1
0,0,1,0
0,0,0,0
0,0,1,0
0,1,0,1
0,0,0,1
0,0,0,0
0,0,1,0
0,0,1,0
0,0,1,1
0,1,1,0
0,0,0,0
0,0,0,1
0,0,1,0
0,0,1,0
0,1,0,0
0,0,1,1
0,0,1,0
0,1,0,0
0,0,1,0
0,0,0,0
0,0,1,0
0,0,1,0
0,0,0,1
0,0,0,0
0,0,0,0
0,0,0,0
0,0,0,0
0,0,0,1
0,1,0,0
0,0,1,0
0,0,1,0
1,1,1,1
0,0,1,0
0,0,1,0
0,1,1,0
0,0,1,0
0,0,0,0
0,0,0,1
0,0,0,0
0,0,1,1
0,0,0,0
0,0,1,0
0,0,1,0
0,0,0,1
0,0,0,0
0,1,0,1
0,0,0,0
0,0,0,0
0,0,1,1
0,0,0,0
0,0,0,1
0,0,1,0
0,0,1,0
0,0,0,0
0,0,1,1
0,0,1,0
0,0,0,0
0,0,1,1
0,0,0,0
0,0,0,0
0,1,0,0
0,0,0,1
0,0,1,0
0,0,1,1
0,0,1,0
1,0,1,1
0,1,1,0
0,0,1,1
0,0,1,0
0,0,1,0
0,0,1,0
0,0,1,0
0,0,1,0
0,0,1,1
0,0,0,0
1,0,1,1
0,0,0,0
0,0,1,0
0,0,1,1
1,1,1,1
0,0,1,0
0,0,0,1
0,0,0,0
0,0,1,1
0,0,0,0
0,0,1,0
0,0,1,0
0,0,0,0
0,0,1,0
0,0,1,0
0,0,0,1
0,0,0,0
0,0,1,0
0,0,0,0
0,0,1,1
0,0,0,0
0,0,1,0
0,1,1,0
0,0,0,0
1,1,1,1
0,0,1,0
0,0,1,0
0,1,1,0
0,0,1,0
0,0,1,0
0,0,1,0
0,0,0,1
0,0,1,0
0,0,0,0
0,0,0,0
0,0,1,0
0,0,1,0
0,0,1,0
0,0,0,1
0,0,1,0
0,1,0,0
0,0,0,1
0,0,1,0
0,0,0,1
0,0,1,0
0,0,1,1
0,0,1,0
0,0,0,0
0,0,1,0
0,0,1,0
0,0,1,0
0,0,1,0
1,0,1,1
0,0,1,1
0,0,1,0
0,0,1,0
0,1,0,1
0,0,0,0
0,0,0,0
0,0,0,0
0,0,1,1
0,0,1,0
0,0,0,0
0,0,1,0
0,0,0,0
0,0,1,0
0,0,0,0
0,0,1,0
0,0,0,0
0,0,1,0
0,0,1,0
0,0,1,0
0,0,1,1
0,0,1,0
0,0,0,1
0,0,1,1
0,0,1,1
0,0,1,0
0,0,0,0
0,0,1,0
0,0,1,0
1,1,1,1
0,0,1,0
1,1,1,1
0,0,1,0
1,1,1,1
0,0,1,0
0,0,1,0
0,0,0,0
0,0,1,0
1,0,1,1
0,0,1,1
1,0,0,1
0,1,1,0
0,0,1,0
0,0,0,0
0,0,0,0
0,0,1,0
0,0,1,1
0,0,1,1
0,0,0,1
0,0,0,0
0,0,0,1
0,0,0,0
1,0,1,1
0,0,0,0
0,0,1,0
0,0,1,1
0,0,0,0
0,1,1,0
0,0,1,0
0,0,0,1
1,0,1,1
0,0,1,0
0,0,0,0
0,0,1,0
0,0,1,0
0,0,0,0
0,0,1,1
0,0,0,1
0,0,1,0
0,0,1,0
0,0,0,1
0,0,1,0
0,0,0,1
0,0,0,1
0,0,1,0
0,0,0,0
0,0,1,0
0,0,0,1
0,0,0,0
0,0,1,0
0,0,0,0
0,1,1,0
0,0,0,0
0,0,1,0
0,0,0,1
0,0,1,0
0,0,1,1
1,0,1,0
0,0,1,0
0,0,0,0
0,0,1,0
0,0,1,1
0,0,0,0
1,1,1,1
0,0,1,1
0,0,1,1
0,1,0,0
0,0,1,0
0,0,1,0
0,0,1,0
0,1,1,0
0,0,0,0
0,0,0,0
0,0,1,1
0,0,1,0
0,0,0,0
0,0,0,0
0,0,1,1
0,0,0,0
0,0,0,0
0,0,0,0
0,0,1,0
0,0,1,1
0,0,1,0
0,0,1,0
0,0,0,1
0,0,0,0
0,0,1,0
0,0,1,0
0,0,1,0
0,0,1,0
0,0,0,0
0,1,0,0
0,0,0,1
0,0,1,0
0,0,0,0
0,0,1,0
0,0,1,0
0,0,0,0
0,1,1,0
0,0,0,0
0,0,1,0
0,0,0,1
0,0,0,1
0,0,0,0
0,0,0,0
0,1,0,0
0,0,1,0
0,1,0,0
0,0,0,0
0,0,0,0
0,0,1,0
0,1,1,0
0,0,1,1
0,0,1,0
0,0,1,0
0,1,1,0
0,0,1,0
0,0,0,0
0,0,0,0
0,0,0,0
0,0,1,1
0,0,1,0
0,0,1,1
0,0,1,1
0,0,0,1
0,0,0,0
0,0,1,0
0,0,0,0
0,0,0,1
0,1,0,1
0,0,1,1
0,0,0,0
0,0,0,0
0,0,1,0
0,0,1,0
0,0,0,0
0,0,1,0
0,0,1,0
0,1,0,0
0,0,1,1
0,0,1,0
0,0,0,0
0,0,0,1
0,0,0,0
0,0,1,0
0,0,0,0
0,0,1,1
0,0,0,0
0,0,1,1
0,0,0,0
0,0,1,1
0,0,1,0
0,0,0,0
0,0,1,0
0,0,0,1
0,0,0,0
0,0,1,0
0,0,1,0
0,0,1,0
1,1,1,1
0,0,0,0
0,0,0,0
0,0,0,0
0,0,0,0
0,0,1,0
0,0,1,1
0,0,0,0
0,0,1,0
1,1,1,1
0,0,1,0
0,0,1,0
0,0,1,0
1,0,1,1
0,0,1,0
0,0,1,0
0,0,1,0
0,0,1,1
0,0,0,0
0,0,1,0
0,0,1,1
0,0,1,1
0,0,1,1
0,0,0,0
0,0,1,1
0,0,1,0
0,0,0,1
0,0,0,0
0,0,0,0
0,0,0,0
0,0,1,0
0,0,1,0
0,0,1,1
0,0,1,0
0,0,1,0
0,0,1,0
0,0,1,0
1,0,1,1
0,0,0,1
0,0,0,1
0,0,0,0
0,0,0,0
1,1,1,1
0,0,1,0
0,0,0,1
0,0,0,0
0,0,0,0
0,0,0,0
0,0,0,1
0,0,0,1
0,0,0,0
0,0,0,0
1,1,1,0
0,0,0,0
0,0,1,0
0,0,1,0
0,0,1,0
0,0,0,0
0,0,1,0
0,1,1,0
0,0,1,0
0,0,0,1
0,0,0,1
0,0,1,0
0,0,1,0
0,0,0,0
0,0,0,0
0,0,0,0
0,0,0,0
0,0,1,1
0,0,1,0
0,0,1,0
0,0,0,0
0,0,0,0
0,0,1,0
0,0,0,0
1,1,1,1
0,0,0,0
0,0,1,0
0,0,1,1
0,0,0,1
0,0,0,0
0,1,1,0
0,0,1,0
0,0,0,0
0,0,0,1
0,1,0,1
0,0,1,0
0,0,0,0
0,1,0,0
0,0,0,0
0,0,0,0
0,0,1,1
0,0,1,0
0,0,0,0
0,0,1,0
0,0,1,0
0,0,1,0
0,0,1,1
0,1,0,0
0,0,1,0
0,0,1,0
0,1,0,0
0,0,1,1
0,0,1,0
0,0,1,0
0,0,1,0
0,0,0,1
0,0,0,0
0,0,1,0
0,1,1,0
0,0,1,0
0,0,0,1
0,0,1,0
0,0,0,0
0,0,1,1
0,0,1,0
0,0,1,0
0,0,0,0
0,0,0,1
0,0,1,0
0,0,0,1
0,0,1,0
0,0,0,0
0,0,0,0
0,0,0,0
1,1,1,1
1,1,1,0
0,0,0,1
0,0,1,0
0,0,1,0
0,0,0,0
0,0,1,1
0,0,0,0
0,0,1,0
0,1,0,1
0,0,1,0
0,0,0,0
0,0,1,1
0,0,1,0
0,0,1,1
0,0,1,1
1,1,1,1
0,0,0,1
1,1,1,0
1,0,1,1
0,0,0,0
0,0,1,0
0,0,1,1
0,0,1,1
0,0,0,1
0,0,1,0
0,0,1,0
0,0,1,0
0,0,0,0
0,0,1,1
0,0,1,0
0,0,0,0
0,0,1,0
0,0,1,0
0,0,1,0
0,0,1,0
0,0,1,0
1,0,1,0
0,0,0,0
0,0,1,1
0,0,1,0
0,1,0,0
0,0,1,0
0,0,1,0
0,0,0,0
0,0,1,0
1,0,1,1
0,0,0,0
0,0,1,0
0,0,1,1
0,0,0,0
0,0,1,0
0,1,1,0
0,0,1,0
0,0,0,1
0,0,0,1
0,0,1,0
0,0,0,1
0,0,0,0
0,1,1,0
0,0,1,0
0,0,1,1
0,0,1,0
0,0,0,1
1,1,1,0
0,0,1,0
0,0,0,0
1,1,1,1
0,0,0,1
0,0,1,0
0,0,0,0
0,0,0,1
0,0,0,0
0,0,0,0
0,0,1,0
0,0,0,1
1,1,0,1
0,0,0,0
0,1,1,0
0,1,1,0
0,0,1,0
1,0,1,1
1,0,1,1
0,0,1,0
0,0,0,0
0,0,0,0
0,0,0,1
0,0,1,1
0,0,1,0
0,0,1,1
0,0,0,0
0,0,1,0
0,0,0,0
1,1,1,1
0,0,0,0
0,0,1,0
0,0,0,0
0,0,0,1
0,0,0,0
0,0,1,0
0,1,0,0
0,0,0,0
0,0,0,0
0,0,1,1
1,1,1,1
0,0,1,1
0,0,0,0
0,0,1,0
0,0,0,0
0,0,1,0
1,0,1,1
0,0,0,0
0,0,1,0
0,0,1,0
0,0,1,0
0,0,1,0
0,0,1,0
0,0,1,0
0,1,0,0
0,0,1,0
0,0,0,1
0,0,1,1
0,0,0,0
0,0,0,0
0,0,0,0
1,1,1,1
0,0,1,0
0,0,0,1
0,0,0,0
0,0,0,0
0,0,0,0
0,0,1,1
0,0,1,0
0,0,1,0
0,0,0,0
0,0,0,0
0,0,1,0
0,0,0,1
0,1,0,0
0,0,0,0
0,0,0,0
0,0,1,0
0,0,1,0
0,0,1,1
1,0,1,1
0,0,1,0
0,0,0,0
0,0,1,1
0,0,0,0
0,0,0,1
1,1,1,0
0,0,0,1
0,0,0,0
0,0,1,0
0,0,1,0
0,0,0,0
0,0,1,0
0,0,1,1
1,0,1,1
0,1,0,0
0,0,0,1
0,0,1,0
0,0,1,0
0,0,0,0
0,1,1,0
0,0,1,0
0,0,1,1
0,0,1,0
0,0,1,0
0,0,0,1
0,0,1,0
0,0,0,0
0,0,1,0
0,0,1,0
0,0,0,0
0,0,0,1
0,0,0,0
0,0,0,0
0,0,0,1
0,0,0,0
0,0,1,1
0,0,1,1
0,0,1,1
0,0,1,0
0,0,1,0
0,0,0,1
0,0,1,0
0,0,1,0
0,0,1,0
0,0,0,0
0,0,1,0
1,1,1,1
1,0,1,1
0,0,1,0
0,0,0,0
0,0,0,0
0,0,1,0
0,0,1,0
0,0,1,1
0,0,0,0
0,0,1,1
0,0,0,1
1,0,1,1
0,0,0,0
0,0,1,1
1,1,1,1
0,0,1,0
0,0,0,0
0,0,1,0
0,0,1,1
0,0,0,0
0,0,1,0
0,0,0,0
1,0,1,1
0,0,0,0
0,0,1,0
0,0,1,0
0,0,1,0
0,0,0,0
0,0,1,1
0,0,1,1
0,0,0,0
0,0,0,1
0,0,1,1
0,0,0,0
0,0,1,0
0,1,1,0
0,0,1,0
0,0,1,1
0,0,1,1
0,0,1,0
0,0,0,0
0,0,0,0
0,1,1,0
0,0,0,0
0,0,1,1
0,0,0,1
1,1,1,1
0,0,0,0
0,0,1,0
0,0,0,0
0,1,1,0
0,0,1,1
0,0,0,1
0,0,1,1
0,0,1,0
0,0,0,0
0,0,1,1
0,0,1,1
0,0,1,0
0,0,1,0
0,0,0,0
0,0,1,0
0,0,1,0
0,0,1,0
0,0,0,1
0,0,0,0
0,0,0,0
0,0,0,0
0,0,1,0
0,0,1,1
0,0,1,1
0,1,1,0
0,0,0,1
0,0,0,0
0,0,0,0
0,0,1,0
0,0,0,1
0,0,1,0
0,0,1,0
0,0,1,0
0,0,0,0
0,0,0,0
0,0,1,1
0,0,0,0
0,0,1,0
0,0,1,0
0,0,1,0
1,1,1,1
0,0,1,0
0,0,1,0
0,0,1,0
0,1,1,0
0,0,1,0
0,0,0,0
0,0,1,0
0,0,1,0
0,0,1,0
0,0,0,0
0,0,1,0
0,1,1,0
0,0,0,0
0,1,1,0
0,0,1,0
0,0,1,1
0,0,1,0
1,0,1,1
0,0,0,0
0,0,0,1
0,1,1,0
0,0,0,0
0,0,0,1
0,0,1,0
0,1,1,0
0,1,0,0
0,1,0,0
0,0,1,0
0,0,0,0
0,0,1,0
1,0,1,1
0,0,0,1
0,0,0,0
0,0,1,1
0,0,1,1
0,0,1,1
0,0,1,0
0,0,1,0
0,0,0,1
0,0,1,0
0,0,1,0
0,0,0,0
1,0,1,1
0,0,1,1
0,0,0,0
0,0,0,1
0,0,1,0
0,0,0,0
0,0,1,0
0,0,0,0
0,0,0,1
0,0,1,0
0,0,1,0
0,0,0,0
0,0,0,0
0,0,1,0
0,0,1,0
0,0,0,0
0,0,1,0
0,0,1,1
0,0,1,0
0,0,0,1
0,0,0,0
0,0,1,0
0,0,1,1
0,0,1,0
0,0,0,0
0,0,1,0
0,0,1,0
0,0,1,0
0,0,1,1
0,0,0,0
0,0,1,0
0,0,1,1
0,0,0,1
0,0,1,0
0,0,0,0
0,0,1,0
1,1,1,1
0,0,1,0
0,0,0,0
0,0,0,0
0,0,0,0
0,0,1,0
0,0,1,0
0,0,0,0
1,0,1,1
0,0,0,0
1,0,1,1
0,0,0,1
0,0,1,0
0,0,1,0
1,1,1,1
0,0,1,0
0,0,1,1
0,0,1,0
0,0,1,1
0,0,1,0
0,0,1,1
0,0,1,0
0,0,1,0
0,0,1,0
0,0,0,0
0,0,0,0
0,0,1,0
0,0,1,0
0,0,1,0
0,0,1,0
0,0,0,0
0,0,1,0
0,0,1,1
0,0,0,0
0,0,0,0
0,1,0,0
0,0,0,1
0,0,1,1
0,0,0,0
0,0,1,0
0,1,1,0
0,0,1,0
0,0,1,0
0,0,0,0
0,0,1,0
0,0,0,0
0,0,1,0
0,0,1,0
0,0,1,1
0,0,1,0
1,0,1,1
0,0,1,0
0,0,1,1
1,1,1,1
0,0,1,1
0,1,1,0
0,0,0,0
0,0,1,0
0,0,0,0
0,0,0,0
0,0,0,1
0,0,1,0
0,0,0,0
0,0,1,0
0,0,1,0
0,0,0,0
0,0,1,1
0,0,1,1
0,0,1,1
0,0,1,0
0,0,1,0
0,0,0,1
0,0,0,0
0,0,0,0
0,0,0,1
0,0,0,0
0,0,0,0
0,0,0,0
0,0,0,1
0,0,1,0
0,0,0,0
0,1,0,0
0,0,1,0
0,0,1,0
1,0,1,1
0,0,0,0
0,1,0,1
0,0,1,0
0,0,0,1
0,0,0,1
0,0,0,0
0,0,0,1
0,0,1,0
1,1,1,1
0,0,1,0
0,1,1,0
0,0,1,0
0,1,1,0
1,0,0,1
0,1,0,0
0,1,1,0
0,0,0,0
0,0,1,1
0,0,0,0
0,0,0,0
0,1,1,0
0,0,1,1
0,0,1,0
0,0,0,0
0,0,0,1
0,0,1,1
0,0,0,0
0,0,1,0
0,0,1,1
0,0,1,0
0,0,0,0
0,0,0,0
0,0,1,0
0,0,1,1
0,0,1,0
0,0,1,0
0,0,1,1
0,0,1,0
0,0,1,0
0,0,1,1
0,0,1,0
0,0,1,0
0,0,1,0
0,0,1,0
0,0,0,1
0,0,0,1
0,0,1,0
1,1,1,1
0,0,0,0
0,0,1,0
0,1,0,0
0,0,0,0
0,0,0,0
0,0,1,0
0,0,0,1
0,0,1,1
0,0,1,0
0,0,1,0
0,0,1,1
0,0,0,0
0,0,1,0
0,1,0,0
0,0,1,0
0,0,0,0
0,0,0,1
0,0,1,0
0,0,1,0
0,0,1,0
0,0,1,1
0,0,0,0
0,0,1,0
0,0,1,0
0,0,1,1
0,0,1,0
0,0,1,0
0,1,1,0
0,0,0,1
0,0,0,0
0,0,0,0
0,1,1,0
0,0,1,1
0,0,1,0
0,0,0,0
0,0,1,0
0,0,1,0
0,0,0,1
0,0,1,0
0,0,1,0
0,0,0,0
0,0,1,0
0,1,0,0
0,0,0,0
0,0,0,1
0,0,0,1
0,0,0,0
0,0,1,0
0,0,1,0
0,0,1,0
0,0,0,0
0,0,1,0
0,0,1,0
0,0,1,1
0,0,0,1
0,0,0,0
0,0,1,0
0,0,0,0
0,0,1,0
0,0,1,1
0,0,0,1
0,0,0,1
0,0,0,1
0,0,0,0
0,0,1,0
0,0,0,0
1,1,1,1
0,0,1,1
0,0,1,0
1,1,1,1
0,0,1,0
0,0,1,0
0,0,0,0
0,0,1,0
0,0,1,0
0,0,1,1
0,0,1,0
0,0,0,1
0,0,1,1
0,0,0,0
0,0,0,0
0,0,1,0
0,0,0,1
0,0,0,0
0,0,0,1
0,0,1,0
0,0,1,0
0,0,1,0
0,0,0,0
0,0,1,0
0,0,0,0
0,0,0,0
0,0,1,0
0,0,1,0
0,0,1,0
0,0,1,1
0,1,1,0
0,0,1,0
0,1,0,1
0,0,1,0
0,0,0,1
0,0,1,0
0,0,1,0
0,0,1,1
0,0,1,0
0,0,0,0
0,0,1,0
0,0,1,0
0,0,0,0
0,0,1,0
0,0,1,0
0,0,0,1
0,0,1,1
0,0,1,0
0,0,0,1
0,0,0,1
0,0,1,1
0,0,0,0
0,0,1,1
0,0,1,0
0,0,0,0
0,0,1,0
0,0,0,0
0,0,0,0
0,0,1,0
0,0,0,0
0,0,1,0
0,0,1,0
1,1,1,1
1,0,1,1
0,0,1,1
0,0,1,0
0,0,0,0
1,0,1,1
0,0,1,0
0,0,1,0
0,0,1,0
1,1,1,1
0,1,1,0
1,1,1,1
0,1,0,0
0,0,1,1
0,0,1,0
0,0,0,0
0,0,1,0
0,0,1,0
0,0,1,0
0,0,1,0
0,0,1,0
0,0,1,1
0,0,1,1
0,0,0,0
0,0,0,0
0,0,0,0
0,0,1,0
0,0,0,1
0,0,1,0
0,0,0,0
0,1,1,0
0,0,1,0
0,0,0,1
0,0,0,1
0,0,1,0
0,1,1,0
0,0,0,1
0,0,1,1
0,0,1,1
0,0,1,1
0,0,1,1
0,0,1,1
0,0,0,0
0,0,1,0
0,0,0,1
1,0,1,1
0,0,1,0
0,0,1,0
0,0,1,0
0,0,1,0
0,0,1,0
0,0,1,1
0,0,1,1
0,0,1,0
0,0,0,0
1,0,1,1
0,0,1,0
0,0,1,1
0,0,1,0
0,0,1,0
1,0,1,1
0,0,1,0
0,0,1,0
0,0,0,1
0,0,1,0
0,0,1,1
0,0,0,1
0,0,0,1
0,0,0,1
0,0,1,1
0,0,1,0
0,0,1,0
0,0,1,1
0,0,1,1
0,1,0,1
0,0,0,1
0,0,0,0
0,1,1,0
0,0,1,0
0,0,1,1
1,0,1,1
0,0,0,0
0,0,1,0
0,0,1,0
0,0,0,0
0,0,1,0
0,0,1,1
0,0,1,0
0,0,0,1
0,1,0,0
0,0,1,1
0,0,1,0
0,0,0,1
0,0,1,0
0,0,1,1
0,0,1,0
0,0,1,0
0,0,0,1
1,0,1,1
0,0,1,0
0,0,0,1
0,0,0,0
0,0,0,1
0,0,1,0
0,0,0,0
0,0,1,0
0,0,0,1
0,0,1,0
0,0,0,1
0,0,0,1
0,0,0,0
0,0,1,0
0,0,1,0
0,0,1,0
0,0,1,0
0,0,0,0
0,0,1,0
0,0,1,1
